<edmx:Edmx
    xmlns:edmx="http://schemas.microsoft.com/ado/2007/06/edmx"
    xmlns:m="http://schemas.microsoft.com/ado/2007/08/dataservices/metadata"
    xmlns:sap="http://www.sap.com/Protocols/SAPData" Version="1.0">
    <edmx:DataServices m:DataServiceVersion="2.0">
        <Schema
            xmlns="http://schemas.microsoft.com/ado/2008/09/edm" Namespace="ZADM_SALES_SRV" xml:lang="en" sap:schema-version="1">
            <EntityType Name="Customer" sap:content-version="1">
                <Key>
                    <PropertyRef Name="Kunnr"/>
                </Key>
                <Property Name="Kunnr" Type="Edm.String" Nullable="false" MaxLength="10" sap:unicode="false" sap:label="Customer" sap:creatable="false" sap:updatable="false" sap:sortable="false" sap:filterable="false"/>
                <Property Name="Land1" Type="Edm.String" Nullable="false" MaxLength="3" sap:unicode="false" sap:label="Country" sap:creatable="false" sap:updatable="false" sap:sortable="false" sap:filterable="false"/>
                <Property Name="Name1" Type="Edm.String" Nullable="false" MaxLength="35" sap:unicode="false" sap:label="Name" sap:creatable="false" sap:updatable="false" sap:sortable="false" sap:filterable="false"/>
                <Property Name="Ort01" Type="Edm.String" Nullable="false" MaxLength="35" sap:unicode="false" sap:label="City" sap:creatable="false" sap:updatable="false" sap:sortable="false" sap:filterable="false"/>
                <Property Name="Pstlz" Type="Edm.String" Nullable="false" MaxLength="10" sap:unicode="false" sap:label="Postal Code" sap:creatable="false" sap:updatable="false" sap:sortable="false" sap:filterable="false"/>
                <Property Name="Regio" Type="Edm.String" Nullable="false" MaxLength="3" sap:unicode="false" sap:label="Region" sap:creatable="false" sap:updatable="false" sap:sortable="false" sap:filterable="false"/>
                <Property Name="Sortl" Type="Edm.String" Nullable="false" MaxLength="10" sap:unicode="false" sap:label="Search term" sap:creatable="false" sap:updatable="false" sap:sortable="false" sap:filterable="false"/>
            </EntityType>
            <EntityContainer Name="ZADM_SALES_SRV_Entities" m:IsDefaultEntityContainer="true" sap:supported-formats="atom json xlsx">
                <EntitySet Name="CustomerSet" EntityType="ZADM_SALES_SRV.Customer" sap:creatable="false" sap:updatable="false" sap:deletable="false" sap:pageable="false" sap:content-version="1"/>
            </EntityContainer>
            <atom:link
                xmlns:atom="http://www.w3.org/2005/Atom" rel="self" href="./sap/ZADM_SALES_SRV/$metadata"/>
                <atom:link
                    xmlns:atom="http://www.w3.org/2005/Atom" rel="latest-version" href="./sap/ZADM_SALES_SRV/$metadata"/>
                </Schema>
            </edmx:DataServices>
        </edmx:Edmx>